{
	"texts": [
		{ "key": "candleLight_title", "value": "CandleLight" },
		{ "key": "new_game_button", "value": "New Game" },
		{ "key": "continue_button", "value": "Continue" },
		{ "key": "options_button", "value": "Options" },
		{ "key": "quit_button", "value": "Quit" },

		{ "key": "select_class_title", "value": "Select Your Class" },
		{ "key": "warrior_title", "value": "Warrior" },
		{ "key": "mage_title", "value": "Mage" },
		{ "key": "archer_title", "value": "Archer" },
		{ "key": "thief_title", "value": "Thief" },
		{ "key": "warrior_description", "value": "Strength has solved all of your problems. There's nothing you can't tough out. Any pain you endure rewards you twice over." },
		{ "key": "mage_description", "value": "The mystical nature of this world unravels at the snap of your fingers. Some call this intelligence. You call it imagination." },
		{ "key": "archer_description", "value": "Your dexterity knows no bounds. Playing the piano, starting a fire, and killing a man with a bow and arrow. It's all the same." },
		{ "key": "thief_description", "value": "Quick, silent, and lucky. The only people who remember your face are the ones who see it before entering the gates of heaven." },
		{ "key": "select_button", "value": "Select" },
		{ "key": "back_button", "value": "Back" },

		{ "key": "HP_label", "value": "HP " },
		{ "key": "MP_label", "value": "MP " },

		{ "key": "flee_action", "value": "Flee" },
		{ "key": "undo_action", "value": "Undo" },
		{ "key": "none_action", "value": "" },

		{ "key": "slash_attack", "value": "Slash" },
		{ "key": "bash_attack", "value": "Bash" },
		{ "key": "none_attack", "value": ""}
	]
}